{
    "buildGroups": [
        {
            "build": true,
            "name": "heihei",
            "path": "Assets/Project",
            "description": "",
            "tags": []
        }
    ],
    "version": "2023_08_24_09_48_39",
    "encrypt": "WooAsset.DefaultAssetStreamEncrypt",
    "compress": "LZ4",
    "forceRebuild": false,
    "ignoreTypeTreeChanges": true,
    "fileChange": {
        "add": [
            {
                "path": "DLC/WebGL/2e0518242ddd13147116ffefb6124b30",
                "name": "2e0518242ddd13147116ffefb6124b30",
                "length": 3247,
                "hash": "f4a5a82e57ccfc5be79db0ed0b478031"
            },
            {
                "path": "DLC/WebGL/6d3dbbcad8284db8b15f24df7d73242e",
                "name": "6d3dbbcad8284db8b15f24df7d73242e",
                "length": 9516,
                "hash": "fadbb2fa5987bfeff099f01074eb2408"
            }
        ],
        "delete": [],
        "change": [
            {
                "path": "DLC/WebGL/10a8d8bae0d67598c045791dad2f6599",
                "name": "10a8d8bae0d67598c045791dad2f6599",
                "length": 824,
                "hash": "28e9eb149caf9006f4ae676d539ef26e"
            }
        ]
    },
    "versions": {
        "versions": [
            {
                "version": "2023_08_24_02_19_29",
                "groups": [
                    {
                        "name": "heihei",
                        "manifestFileName": "274078ade110b997cc73f22e63f6a390",
                        "bundleFileName": "f8b265eaf5463004b1ec51e80b04a919",
                        "description": "",
                        "tags": []
                    }
                ]
            },
            {
                "version": "2023_08_24_09_48_39",
                "groups": [
                    {
                        "name": "heihei",
                        "manifestFileName": "6d3dbbcad8284db8b15f24df7d73242e",
                        "bundleFileName": "2e0518242ddd13147116ffefb6124b30",
                        "description": "",
                        "tags": []
                    }
                ]
            }
        ]
    }
}                "path": "DLC/WebGL/5c190b5fcbfb0ad67493b70723a31598",
                "name": "5c190b5fcbfb0ad67493b70723a31598",
                "length": 85796,
                "hash": "b2f9daa7cb619d174c94879bc574545d"
            },
            {
                "path": "DLC/WebGL/648342be66c3577b7d6811332498b82e",
                "name": "648342be66c3577b7d6811332498b82e",
                "length": 1441,
                "hash": "15cfd4022f29a9b3e014e6ca99347818"
            },
            {
                "path": "DLC/WebGL/6ea4c961e5fce10906947e4bd075ed3a",
                "name": "6ea4c961e5fce10906947e4bd075ed3a",
                "length": 9018,
                "hash": "6b86e7b941ebd73b82fa4abc2c8df789"
            },
            {
                "path": "DLC/WebGL/c2d20db28818eb6612ee4041a649efde",
                "name": "c2d20db28818eb6612ee4041a649efde",
                "length": 4686,
                "hash": "a7640074ad912b714d7226873c093052"
            },
            {
                "path": "DLC/WebGL/c886e0c2f5b07821260b93515f7b3dc4",
                "name": "c886e0c2f5b07821260b93515f7b3dc4",
                "length": 2701,
                "hash": "1d73e117cdcfe79c94eeb489d57c3cd4"
            },
            {
                "path": "DLC/WebGL/cb68050b4dd1a3f804e59a0b5079329c",
                "name": "cb68050b4dd1a3f804e59a0b5079329c",
                "length": 4687,
                "hash": "4a45a29f9abae9b346f32b65310dc583"
            },
            {
                "path": "DLC/WebGL/e894decfb73384a566aa6c4043f78f23",
                "name": "e894decfb73384a566aa6c4043f78f23",
                "length": 4690,
                "hash": "a97be3a20902f999433a53e92557a72d"
            },
            {
                "path": "DLC/WebGL/f7b4d57849280e4c6cbaaf4db700de54",
                "name": "f7b4d57849280e4c6cbaaf4db700de54",
                "length": 92211,
                "hash": "4da33f3c6485a0851550a245e45e2c3f"
            },
            {
                "path": "DLC/WebGL/f7e064357c79a7de4eb935ba88286f95",
                "name": "f7e064357c79a7de4eb935ba88286f95",
                "length": 6412,
                "hash": "af5318132edb99ca5f22ca00cfbeb5e8"
            },
            {
                "path": "DLC/WebGL/f8b265eaf5463004b1ec51e80b04a919",
                "name": "f8b265eaf5463004b1ec51e80b04a919",
                "length": 3247,
                "hash": "c50782ed4e2e5a12a3ed7985800dd647"
            }
        ],
        "delete": [],
        "change": []
    },
    "versions": {
        "versions": [
            {
                "version": "2023_08_24_02_19_29",
                "groups": [
                    {
                        "name": "heihei",
                        "manifestFileName": "274078ade110b997cc73f22e63f6a390",
                        "bundleFileName": "f8b265eaf5463004b1ec51e80b04a919",
                        "description": "",
                        "tags": []
                    }
                ]
            }
        ]
    }
}