{
    "buildGroup": {
        "build": true,
        "name": "heihei",
        "path": "Assets/Project",
        "description": "",
        "tags": []
    },
    "manifest": {
        "assets": [
            {
                "path": "Assets/Project/Audio/bg.mp3",
                "bundleName": "3d04125b442744bba41b68d058a33b6e",
                "tags": [
                    "AudioClip",
                    "bg"
                ],
                "dps": [],
                "type": 8
            },
            {
                "path": "Assets/Project/Audio/merge.wav",
                "bundleName": "3d04125b442744bba41b68d058a33b6e",
                "tags": [
                    "AudioClip",
                    "merge"
                ],
                "dps": [],
                "type": 8
            },
            {
                "path": "Assets/Project/Scenes/02-game.unity",
                "bundleName": "4604f291d2da1cdf8559807af1adbfc5",
                "tags": [
                    "Scene",
                    "02-game"
                ],
                "dps": [
                    "Assets/Project/Images/LOGO(2).png",
                    "Assets/Project/Anim/Animator/movedown.controller",
                    "Assets/Project/Anim/Animator/moveup.controller",
                    "Assets/Project/Anim/Animation/movedown.anim",
                    "Assets/Project/Anim/Animator/moveright.controller",
                    "Assets/Project/Scenes/02-gameSettings.lighting",
                    "Assets/Project/Audio/merge.wav",
                    "Assets/Project/Guide/Material/rectMat.mat",
                    "Assets/Project/Guide/Material/circleMat.mat",
                    "Assets/Project/Anim/Animator/moveleft.controller",
                    "Assets/Project/Anim/Animation/moveup.anim",
                    "Assets/Project/Anim/Animator/scale.controller",
                    "Assets/Project/Guide/Shaders/RectGuide.shader",
                    "Assets/Project/Guide/Shaders/CircleGuide.shader",
                    "Assets/Project/Prefab/Number.prefab",
                    "Assets/Project/Prefab/Item.prefab",
                    "Assets/Project/Audio/bg.mp3",
                    "Assets/Project/Anim/Animation/moveleft.anim",
                    "Assets/Project/Anim/Animation/moveright.anim",
                    "Assets/Project/Anim/Animation/scale.anim"
                ],
                "type": 9
            },
            {
                "path": "Assets/Project/Scenes/01-menu.unity",
                "bundleName": "f7b4d57849280e4c6cbaaf4db700de54",
                "tags": [
                    "Scene",
                    "01-menu"
                ],
                "dps": [
                    "Assets/Project/Images/LOGO(2).png",
                    "Assets/Project/Guide/Material/rectMat.mat",
                    "Assets/Project/Guide/Material/circleMat.mat",
                    "Assets/Project/Anim/Animator/scale.controller",
                    "Assets/Project/Guide/Shaders/RectGuide.shader",
                    "Assets/Project/Guide/Shaders/CircleGuide.shader",
                    "Assets/Project/Scenes/01-menuSettings.lighting",
                    "Assets/Project/Audio/bg.mp3",
                    "Assets/Project/Anim/Animation/scale.anim"
                ],
                "type": 9
            },
            {
                "path": "Assets/Project/Images/LOGO(2).png",
                "bundleName": "4e0cdcfc8fea5c9a304f3748129b060b",
                "tags": [
                    "Texture",
                    "LOGO(2)"
                ],
                "dps": [],
                "type": 4
            },
            {
                "path": "Assets/Project/Anim/Animation/scale.anim",
                "bundleName": "f7e064357c79a7de4eb935ba88286f95",
                "tags": [
                    "AnimationClip",
                    "scale"
                ],
                "dps": [],
                "type": 14
            },
            {
                "path": "Assets/Project/Anim/Animation/moveright.anim",
                "bundleName": "f7e064357c79a7de4eb935ba88286f95",
                "tags": [
                    "AnimationClip",
                    "moveright"
                ],
                "dps": [],
                "type": 14
            },
            {
                "path": "Assets/Project/Anim/Animation/movedown.anim",
                "bundleName": "f7e064357c79a7de4eb935ba88286f95",
                "tags": [
                    "AnimationClip",
                    "movedown"
                ],
                "dps": [],
                "type": 14
            },
            {
                "path": "Assets/Project/Anim/Animation/moveleft.anim",
                "bundleName": "f7e064357c79a7de4eb935ba88286f95",
                "tags": [
                    "AnimationClip",
                    "moveleft"
                ],
                "dps": [],
                "type": 14
            },
            {
                "path": "Assets/Project/Anim/Animation/moveup.anim",
                "bundleName": "f7e064357c79a7de4eb935ba88286f95",
                "tags": [
                    "AnimationClip",
                    "moveup"
                ],
                "dps": [],
                "type": 14
            },
            {
                "path": "Assets/Project/shadervariants.shadervariants",
                "bundleName": "5c190b5fcbfb0ad67493b70723a31598",
                "tags": [
                    "ShaderVariant",
                    "shadervariants"
                ],
                "dps": [
                    "Assets/Project/Guide/Shaders/RectGuide.shader",
                    "Assets/Project/Guide/Shaders/CircleGuide.shader"
                ],
                "type": 6
            },
            {
                "path": "Assets/Project/Guide/Shaders/CircleGuide.shader",
                "bundleName": "5c190b5fcbfb0ad67493b70723a31598",
                "tags": [
                    "Shader",
                    "CircleGuide"
                ],
                "dps": [],
                "type": 5
            },
            {
                "path": "Assets/Project/Guide/Shaders/RectGuide.shader",
                "bundleName": "5c190b5fcbfb0ad67493b70723a31598",
                "tags": [
                    "Shader",
                    "RectGuide"
                ],
                "dps": [],
                "type": 5
            },
            {
                "path": "Assets/Project/Prefab/Number.prefab",
                "bundleName": "6ea4c961e5fce10906947e4bd075ed3a",
                "tags": [
                    "Prefab",
                    "Number"
                ],
                "dps": [
                    "Assets/Project/Audio/merge.wav"
                ],
                "type": 11
            },
            {
                "path": "Assets/Project/Prefab/Item.prefab",
                "bundleName": "6ea4c961e5fce10906947e4bd075ed3a",
                "tags": [
                    "Prefab",
                    "Item"
                ],
                "dps": [],
                "type": 11
            },
            {
                "path": "Assets/Project/Guide/Material/rectMat.mat",
                "bundleName": "c886e0c2f5b07821260b93515f7b3dc4",
                "tags": [
                    "Material",
                    "rectMat"
                ],
                "dps": [
                    "Assets/Project/Guide/Shaders/RectGuide.shader"
                ],
                "type": 10
            },
            {
                "path": "Assets/Project/Guide/Material/circleMat.mat",
                "bundleName": "c886e0c2f5b07821260b93515f7b3dc4",
                "tags": [
                    "Material",
                    "circleMat"
                ],
                "dps": [
                    "Assets/Project/Guide/Shaders/CircleGuide.shader"
                ],
                "type": 10
            },
            {
                "path": "Assets/Project/Scenes/01-menuSettings.lighting",
                "bundleName": "648342be66c3577b7d6811332498b82e",
                "tags": [
                    "None",
                    "01-menuSettings"
                ],
                "dps": [],
                "type": 0
            },
            {
                "path": "Assets/Project/Scenes/02-gameSettings.lighting",
                "bundleName": "648342be66c3577b7d6811332498b82e",
                "tags": [
                    "None",
                    "02-gameSettings"
                ],
                "dps": [],
                "type": 0
            },
            {
                "path": "Assets/Project/Anim/Animator/moveright.controller",
                "bundleName": "06dff63cdb64cbacd0fad8042794daa0",
                "tags": [
                    "AnimatorController",
                    "moveright"
                ],
                "dps": [
                    "Assets/Project/Anim/Animation/moveright.anim"
                ],
                "type": 15
            },
            {
                "path": "Assets/Project/Anim/Animator/movedown.controller",
                "bundleName": "c2d20db28818eb6612ee4041a649efde",
                "tags": [
                    "AnimatorController",
                    "movedown"
                ],
                "dps": [
                    "Assets/Project/Anim/Animation/movedown.anim"
                ],
                "type": 15
            },
            {
                "path": "Assets/Project/Anim/Animator/moveleft.controller",
                "bundleName": "2f1eea1797534fab78e865f429635d6e",
                "tags": [
                    "AnimatorController",
                    "moveleft"
                ],
                "dps": [
                    "Assets/Project/Anim/Animation/moveleft.anim"
                ],
                "type": 15
            },
            {
                "path": "Assets/Project/Anim/Animator/moveup.controller",
                "bundleName": "e894decfb73384a566aa6c4043f78f23",
                "tags": [
                    "AnimatorController",
                    "moveup"
                ],
                "dps": [
                    "Assets/Project/Anim/Animation/moveup.anim"
                ],
                "type": 15
            },
            {
                "path": "Assets/Project/Anim/Animator/scale.controller",
                "bundleName": "cb68050b4dd1a3f804e59a0b5079329c",
                "tags": [
                    "AnimatorController",
                    "scale"
                ],
                "dps": [
                    "Assets/Project/Anim/Animation/scale.anim"
                ],
                "type": 15
            }
        ],
        "rawAssets": [],
        "rawAssets_copy": []
    }
}