{
    "buildGroups": [
        {
            "build": true,
            "name": "heihei",
            "path": "Assets/Project",
            "description": "",
            "tags": []
        }
    ],
    "version": "2023_08_24_09_48_39",
    "encrypt": "WooAsset.DefaultAssetStreamEncrypt",
    "compress": "LZ4",
    "forceRebuild": false,
    "ignoreTypeTreeChanges": true,
    "fileChange": {
        "add": [
            {
                "path": "DLC/WebGL/2e0518242ddd13147116ffefb6124b30",
                "name": "2e0518242ddd13147116ffefb6124b30",
                "length": 3247,
                "hash": "f4a5a82e57ccfc5be79db0ed0b478031"
            },
            {
                "path": "DLC/WebGL/6d3dbbcad8284db8b15f24df7d73242e",
                "name": "6d3dbbcad8284db8b15f24df7d73242e",
                "length": 9516,
                "hash": "fadbb2fa5987bfeff099f01074eb2408"
            }
        ],
        "delete": [],
        "change": [
            {
                "path": "DLC/WebGL/10a8d8bae0d67598c045791dad2f6599",
                "name": "10a8d8bae0d67598c045791dad2f6599",
                "length": 824,
                "hash": "28e9eb149caf9006f4ae676d539ef26e"
            }
        ]
    },
    "versions": {
        "versions": [
            {
                "version": "2023_08_24_02_19_29",
                "groups": [
                    {
                        "name": "heihei",
                        "manifestFileName": "274078ade110b997cc73f22e63f6a390",
                        "bundleFileName": "f8b265eaf5463004b1ec51e80b04a919",
                        "description": "",
                        "tags": []
                    }
                ]
            },
            {
                "version": "2023_08_24_09_48_39",
                "groups": [
                    {
                        "name": "heihei",
                        "manifestFileName": "6d3dbbcad8284db8b15f24df7d73242e",
                        "bundleFileName": "2e0518242ddd13147116ffefb6124b30",
                        "description": "",
                        "tags": []
                    }
                ]
            }
        ]
    }
}